model,mean_f1,std_f1
InternVL3.5-8B,0.7557636887608069,0.4297883405314186
Sonnet-3.5,0.0,0.0
