model,mean_f1,std_f1
InternVL3.5-8B,0.25918096713407235,0.4368411231069111
