field,InternVL3.5-8B
Date,0.26265060240963856
Prod_item,0.02197802197802198
Prod_price,0.07440083725798012
Prod_quantity,0.08006722275014957
Store_addr,0.0
Store_name,0.1228813559322034
Subtotal,0.5950226244343891
Tax,0.6284916201117319
Tel,0.39820359281437123
Time,0.2619647355163728
Tips,0.1686746987951807
Total,0.5216450216450217
