field,InternVL3.5-8B,Sonnet-3.5
address,0.5389048991354467,0.0
company,0.8242074927953891,0.0
date,0.7175792507204611,0.0
total,0.9423631123919308,0.0
