model,docs_per_min
InternVL3.5-8B,9.273570324574962
Sonnet-3.5,17.910447761194032
